date,latitude,longitude,city,state,temperature,max_temperature,min_temperature,humidity,wind_speed,pressure,solar_radiation,precipitation,dew_point,heatwave
2019-01-01,17.3069,78.0158,Hyderabad,Telangana,15.98,19.08,12.08,83.06,13.78,1008.53,371.05,0,12.59,0
2019-01-02,29.0134,76.6085,Delhi,Delhi,16.78,18.88,12.98,93.66,12.4,1005.9,367.5,2.62,15.51,0
2019-01-03,19.4235,72.9807,Mumbai,Maharashtra,17.42,20.78,13.8,72.62,17.32,1001.73,374.82,0.5,11.95,0
2019-01-04,22.9337,88.4404,Kolkata,West Bengal,17.55,21.69,10.66,72.03,8.06,1006.04,390.07,0,11.95,0
2019-01-05,13.2187,80.1348,Chennai,Tamil Nadu,16.29,19.21,12.14,81.68,3.28,999.66,390.27,0.96,12.63,0
2019-01-06,26.5134,80.8285,Lucknow,Uttar Pradesh,15.59,18.65,8.84,87.9,12.37,1007.18,397.18,2.84,13.17,0
2019-01-07,23.0745,77.1797,Bhopal,Madhya Pradesh,19.44,23.67,13.7,83.02,15.49,1010.52,361.47,0.51,16.04,0
2019-01-08,21.0149,81.3756,Raipur,Chhattisgarh,17.81,23.32,13.56,95,12.49,1002.91,408.49,0,16.81,0
2019-01-09,24.1759,73.2591,Udaipur,Rajasthan,15.27,19.61,8.68,81.15,8.39,999.39,421.7,0,11.5,0
2019-01-10,27.4941,74.5778,Ajmer,Rajasthan,18.96,24.13,14.27,90.49,3.02,1002.63,424.58,0,17.06,0
2019-01-11,17.3387,78.9398,Hyderabad,Telangana,20.06,24.78,14.91,84.11,6.27,1007.82,405.31,1.38,16.88,0
2019-01-12,28.813,76.7548,Delhi,Delhi,18.06,22.06,14.35,78.62,16.6,1012.41,344.42,2.72,13.79,0
2019-01-13,19.4547,73.2087,Mumbai,Maharashtra,17.23,22.34,12.1,72.92,2.01,1001.48,481.35,0.56,11.81,0
2019-01-14,22.8378,87.9914,Kolkata,West Bengal,16.87,22.38,10.08,85.26,3.37,1004.72,445.27,1.42,13.92,0
2019-01-15,12.7842,80.0817,Chennai,Tamil Nadu,14.71,17.77,8.22,84.05,8.77,999.24,291.62,0,11.52,0
2019-01-16,26.5801,80.6692,Lucknow,Uttar Pradesh,20.19,23.94,15.12,81.95,3.94,999.49,336.59,2.27,16.58,0
2019-01-17,22.9732,77.0443,Bhopal,Madhya Pradesh,19.94,22.86,13.32,86.98,15.75,996.42,378.78,2.97,17.33,0
2019-01-18,21.1736,81.596,Raipur,Chhattisgarh,19.88,23.77,13.74,77.79,14.92,998.81,418.38,1.22,15.44,0
2019-01-19,24.2752,73.6606,Udaipur,Rajasthan,17.2,23.13,13.8,69.82,8.44,1001.79,400.91,0,11.16,0
2019-01-20,27.5223,74.553,Ajmer,Rajasthan,16.27,19.27,9.58,84.52,9.09,1012.23,362.93,0,13.17,0
2019-01-21,17.264,78.9713,Hyderabad,Telangana,22.28,27.68,18.62,77.71,9.77,999.27,365.91,0.4,17.83,0
2019-01-22,28.3588,76.8987,Delhi,Delhi,17.58,21.4,12.89,94.96,17.32,1014.91,307.11,0,16.57,0
2019-01-23,18.7334,73.3378,Mumbai,Maharashtra,20.61,24.78,14.61,78.72,2.91,1006.68,285.92,0,16.35,0
2019-01-24,22.6665,88.4824,Kolkata,West Bengal,19.27,23.65,13.56,83.01,5.76,997.4,414.71,0,15.87,0
2019-01-25,13.2547,80.07,Chennai,Tamil Nadu,15.95,20.04,9.21,85.44,5.27,1009.32,391.26,2.0,13.03,0
2019-01-26,26.6152,81.3823,Lucknow,Uttar Pradesh,17.03,19.33,12.2,92.25,17.98,1014.92,420.75,0.62,15.49,0
2019-01-27,23.413,76.9198,Bhopal,Madhya Pradesh,21.52,25.0,17.89,68.58,15.34,1009.07,279.03,0,15.24,0
2019-01-28,21.0223,81.7338,Raipur,Chhattisgarh,19.33,23.98,12.57,73.35,4.15,997.31,443.59,1.58,14.0,0
2019-01-29,24.5086,73.4887,Udaipur,Rajasthan,18.49,23.03,14.44,73.95,9.82,1013.11,408.61,0,13.28,0
2019-01-30,26.5982,74.6001,Ajmer,Rajasthan,22.33,26.88,18.29,79.26,13.86,1006.03,392.08,0.12,18.19,0
2019-01-31,17.6811,78.8467,Hyderabad,Telangana,21.1,26.44,15.77,72.97,4.37,997.55,362.29,4.0,15.7,0
2019-02-01,28.3586,77.5319,Delhi,Delhi,20.28,23.28,16.87,75.13,14.48,1012.68,345.0,1.55,15.31,0
2019-02-02,19.3782,73.2411,Mumbai,Maharashtra,22.92,28.17,16.4,61.65,2.4,1009.73,348.21,4.02,15.25,0
2019-02-03,22.5323,88.1682,Kolkata,West Bengal,20.05,25.2,16.61,71.94,15.95,1012.17,423.54,3.63,14.44,0
2019-02-04,13.2245,80.1697,Chennai,Tamil Nadu,20.01,22.11,16.24,71.97,7.25,1012.29,449.69,0,14.4,0
2019-02-05,26.4584,80.8836,Lucknow,Uttar Pradesh,22.22,27.97,18.76,76.0,17.53,998.57,450.78,0,17.42,0
2019-02-06,22.7607,77.8376,Bhopal,Madhya Pradesh,19.67,24.1,14.63,69.98,8.16,1006.53,412.78,3.14,13.67,0
2019-02-07,21.0639,81.977,Raipur,Chhattisgarh,16.96,21.93,11.28,73.49,7.83,996.4,394.7,0,11.66,0
2019-02-08,25.0254,73.8893,Udaipur,Rajasthan,19.9,23.13,15.26,69.58,8.44,1000.91,456.67,1.5,13.81,0
2019-02-09,27.1777,74.182,Ajmer,Rajasthan,22.64,25.84,17.45,69.54,2.01,1000.74,363.34,1.12,16.55,0
2019-02-10,17.5179,78.3212,Hyderabad,Telangana,19.24,23.13,12.63,77.52,14.74,998.39,477.44,1.22,14.74,0
2019-02-11,29.0537,76.6748,Delhi,Delhi,22.09,26.78,18.19,63.08,5.19,995.49,430.14,2.27,14.71,0
2019-02-12,19.327,73.147,Mumbai,Maharashtra,18.44,21.22,12.66,80.64,9.91,999.88,428.12,0,14.57,0
2019-02-13,22.5285,88.6644,Kolkata,West Bengal,22.68,25.38,15.85,79.75,10.29,996.0,434.33,3.88,18.63,0
2019-02-14,13.4136,80.3179,Chennai,Tamil Nadu,18.26,22.64,11.46,53.51,16.26,1007.25,425.29,0,8.96,0
2019-02-15,26.9767,80.7236,Lucknow,Uttar Pradesh,24.01,27.9,19.97,65.87,5.96,1007.75,445.53,0,17.18,0
2019-02-16,23.4654,76.9762,Bhopal,Madhya Pradesh,22.99,26.08,18.72,76.52,10.64,997.77,451.44,3.06,18.3,0
2019-02-17,21.6067,81.8946,Raipur,Chhattisgarh,19.63,23.29,15.8,78.57,8.72,1013.1,378.72,0,15.34,0
2019-02-18,24.6311,73.8153,Udaipur,Rajasthan,21.74,25.14,15.72,73.31,15.66,1014.07,375.82,1.62,16.4,0
2019-02-19,26.9904,73.8446,Ajmer,Rajasthan,22.33,26.08,19.22,77.88,7.38,1008.58,426.48,0.68,17.91,0
2019-02-20,16.9353,78.3651,Hyderabad,Telangana,21.92,25.49,16.66,70.67,2.43,1007.85,490.87,1.68,16.05,0
2019-02-21,28.2234,77.1414,Delhi,Delhi,22.86,27.91,18.35,78.5,14.03,1011.64,456.99,0.83,18.56,0
2019-02-22,18.5964,72.5294,Mumbai,Maharashtra,24.48,29.08,18.35,71.2,12.43,1010.08,492.04,0,18.72,0
2019-02-23,22.8199,87.9775,Kolkata,West Bengal,24.89,29.15,21.02,79.3,13.19,1010.34,497.21,2.38,20.75,0
2019-02-24,13.298,79.846,Chennai,Tamil Nadu,25.18,27.61,22.07,51.67,6.99,1008.55,515.1,0,15.51,0
2019-02-25,27.1326,80.7962,Lucknow,Uttar Pradesh,22.16,24.57,16.07,59.57,15.6,1007.01,573.74,3.96,14.07,0
2019-02-26,23.3946,77.7407,Bhopal,Madhya Pradesh,21.64,25.66,17.27,72.99,15.59,1011.45,573.15,3.13,16.24,0
2019-02-27,21.1856,81.86,Raipur,Chhattisgarh,23.0,27.93,16.13,60.99,6.32,1011.16,420.23,0,15.2,0
2019-02-28,24.464,73.2407,Udaipur,Rajasthan,23.31,28.63,19.96,84.37,16.11,999.88,412.3,0.6,20.18,0
2019-03-01,26.5332,74.6651,Ajmer,Rajasthan,24.7,27.55,18.51,64.36,7.45,1012.61,470.36,0,17.57,0
2019-03-02,16.9781,78.2076,Hyderabad,Telangana,26.89,30.84,20.85,74.57,13.05,1007.92,397.16,0.2,21.8,0
2019-03-03,28.9069,76.8729,Delhi,Delhi,23.73,28.06,18.84,61.23,10.49,1003.51,487.87,0,15.98,0
2019-03-04,19.0602,73.1016,Mumbai,Maharashtra,24.53,27.3,21.05,71.27,10.57,1010.24,506.14,1.28,18.78,0
2019-03-05,22.6061,88.1373,Kolkata,West Bengal,27.15,30.28,23.75,65.37,5.11,999.55,499.23,0.3,20.22,0
2019-03-06,13.0524,80.2105,Chennai,Tamil Nadu,27.44,32.23,23.94,64.75,15.9,1004.82,544.45,0,20.39,0
2019-03-07,26.4036,80.5982,Lucknow,Uttar Pradesh,25.4,31.16,20.49,68.35,15.15,1003.01,565.22,1.26,19.07,0
2019-03-08,23.2816,77.3625,Bhopal,Madhya Pradesh,23.77,29.74,20.29,62.93,14.23,1007.13,514.67,0,16.35,0
2019-03-09,20.9578,81.34,Raipur,Chhattisgarh,21.83,27.79,17.6,70.72,11.94,1007.19,501.42,0,15.97,0
2019-03-10,24.3165,73.919,Udaipur,Rajasthan,25.12,27.81,21.82,60.75,2.04,1004.01,477.87,0,17.27,0
2019-03-11,26.9481,74.2616,Ajmer,Rajasthan,25.3,30.05,18.61,55.86,14.61,1007.5,454.07,0,16.48,0
2019-03-12,17.1736,78.1104,Hyderabad,Telangana,23.53,28.83,20.24,49.86,4.65,1001.15,518.71,0,13.5,0
2019-03-13,28.5263,76.8524,Delhi,Delhi,25.19,30.96,20.18,51.93,9.9,996.61,574.07,0.53,15.57,0
2019-03-14,18.6162,73.1333,Mumbai,Maharashtra,30.85,36.2,25.55,74.11,17.21,1014.99,507.37,0,25.67,0
2019-03-15,22.42,88.1963,Kolkata,West Bengal,23.91,29.57,20.18,64.72,11.37,1007.7,507.54,0.05,16.85,0
2019-03-16,13.0378,80.0845,Chennai,Tamil Nadu,25.07,28.39,19.29,48.3,6.61,1013.9,557.38,0,14.73,0
2019-03-17,26.5376,80.8108,Lucknow,Uttar Pradesh,24.82,28.44,19.76,80.72,17.81,1008.15,486.45,0,20.96,0
2019-03-18,22.8804,77.8851,Bhopal,Madhya Pradesh,27.49,32.53,23.68,50.09,10.79,1013.55,468.05,1.17,17.51,0
2019-03-19,21.2114,81.2465,Raipur,Chhattisgarh,26.44,29.07,21.24,57.12,10.84,996.86,653.46,0,17.86,0
2019-03-20,24.6363,73.5956,Udaipur,Rajasthan,28.95,33.82,23.92,52.26,6.37,1011.69,583.64,0,19.4,0
2019-03-21,27.0307,74.5375,Ajmer,Rajasthan,30.1,35.62,23.65,55.51,6.42,1010.8,449.61,2.38,21.2,0
2019-03-22,17.4369,78.5294,Hyderabad,Telangana,27.86,32.21,20.87,66.16,9.83,997.97,508.78,0,21.09,0
2019-03-23,28.9487,77.3072,Delhi,Delhi,26.72,29.47,20.93,61.09,11.15,999.67,559.27,0,18.94,0
2019-03-24,19.1662,73.2467,Mumbai,Maharashtra,29.36,34.02,23.08,51.39,17.69,1004.91,617.8,0.54,19.64,0
2019-03-25,22.5415,88.8322,Kolkata,West Bengal,30.34,34.45,25.51,52.15,13.56,1003.2,547.45,0,20.77,0
2019-03-26,13.3017,80.5294,Chennai,Tamil Nadu,27.41,32.01,21.0,68.29,15.64,1012.19,535.38,1.19,21.07,0
2019-03-27,26.4484,81.0827,Lucknow,Uttar Pradesh,29.61,31.89,24.09,55.87,16.73,1014.95,569.54,0,20.79,0
2019-03-28,22.9046,77.4432,Bhopal,Madhya Pradesh,30.95,35.73,24.34,50.78,2.74,1010.92,561.0,1.87,21.11,0
2019-03-29,20.8931,81.5901,Raipur,Chhattisgarh,26.4,29.08,23.08,50.86,15.93,1007.39,583.82,4.41,16.57,0
2019-03-30,24.4306,73.7996,Udaipur,Rajasthan,29.81,31.85,23.59,62.28,16.42,1008.55,610.37,1.81,22.27,0
2019-03-31,27.0949,74.2918,Ajmer,Rajasthan,28.71,31.71,22.32,49.28,5.19,1002.69,547.67,0.15,18.56,0
2019-04-01,16.934,78.5924,Hyderabad,Telangana,31.93,37.84,26.3,54.99,6.39,1006.32,555.21,0,22.93,0
2019-04-02,28.8818,77.3229,Delhi,Delhi,26.13,29.28,19.94,55.23,11.71,1002.05,545.5,0,17.18,0
2019-04-03,19.3084,72.4671,Mumbai,Maharashtra,28.6,33.11,21.99,41.6,12.34,1001.18,533.06,0.96,16.92,0
2019-04-04,22.9025,88.12,Kolkata,West Bengal,29.94,32.64,26.41,66.78,10.63,1014.43,489.18,0,23.29,0
2019-04-05,13.5495,80.6301,Chennai,Tamil Nadu,32.1,37.33,26.12,45.43,7.42,997.3,627.87,0,21.19,0
2019-04-06,26.8048,81.1218,Lucknow,Uttar Pradesh,30.36,36.23,24.14,31.12,7.85,1010.81,666.17,0.22,16.59,0
2019-04-07,23.3204,77.8273,Bhopal,Madhya Pradesh,30.22,35.51,23.46,43.42,3.73,999.68,710.25,0.65,18.9,0
2019-04-08,21.0544,81.6216,Raipur,Chhattisgarh,31.79,37.08,25.15,55.22,6.84,1003.17,688.18,3.72,22.83,0
2019-04-09,24.8273,73.3665,Udaipur,Rajasthan,35.28,37.82,30.46,61.55,12.73,1009.86,663.4,0,27.59,0
2019-04-10,27.4736,74.5725,Ajmer,Rajasthan,31.26,35.22,26.63,53.42,17.22,995.65,580.32,1.57,21.95,0
2019-04-11,17.733,78.4407,Hyderabad,Telangana,34.71,38.89,27.8,58.27,7.74,1002.96,630.16,0.95,26.37,0
2019-04-12,28.2726,77.3672,Delhi,Delhi,30.94,35.33,27.86,40.97,14.59,999.87,669.27,1.83,19.14,0
2019-04-13,18.7207,72.507,Mumbai,Maharashtra,33.0,38.48,28.68,55.74,4.36,1013.01,725.98,0.07,24.15,0
2019-04-14,22.2462,87.9154,Kolkata,West Bengal,32.81,37.46,29.71,54.92,2.24,1010.8,633.65,1.76,23.8,0
2019-04-15,13.5284,79.8134,Chennai,Tamil Nadu,32.88,37.86,27.97,39.81,14.45,1005.26,679.27,1.5,20.84,0
2019-04-16,27.0361,80.9393,Lucknow,Uttar Pradesh,34.03,38.11,29.19,33.46,17.42,996.22,586.32,0.27,20.72,0
2019-04-17,23.0842,77.9066,Bhopal,Madhya Pradesh,34.04,36.36,28.6,47.11,3.05,1000.5,597.39,0,23.46,0
2019-04-18,21.4708,81.344,Raipur,Chhattisgarh,31.4,35.83,28.01,46.73,13.23,1012.06,592.8,0,20.75,0
2019-04-19,24.4593,73.3646,Udaipur,Rajasthan,32.37,35.73,27.56,49.76,8.66,996.9,579.48,1.31,22.32,0
2019-04-20,27.1095,74.2786,Ajmer,Rajasthan,34.59,39.91,31.21,46.27,3.55,1009.78,672.88,0,23.84,0
2019-04-21,17.4854,78.3376,Hyderabad,Telangana,33.61,37.03,27.95,50.87,14.0,1012.36,627.97,0,23.79,0
2019-04-22,28.7781,77.4092,Delhi,Delhi,33.06,37.69,29.16,44.31,3.73,1011.91,597.59,2.51,21.92,0
2019-04-23,18.8434,72.5574,Mumbai,Maharashtra,37.51,42.78,32.05,28.63,12.28,995.53,742.46,0,23.23,1
2019-04-24,22.7052,87.8937,Kolkata,West Bengal,34.13,37.48,31.1,39.61,15.92,1006.33,638.03,0.65,22.05,0
2019-04-25,12.668,79.8226,Chennai,Tamil Nadu,34.77,38.45,30.4,40.27,7.92,1009.43,674.21,0,22.82,0
2019-04-26,27.1049,80.5628,Lucknow,Uttar Pradesh,36.49,41.19,32.41,54.75,12.59,1004.71,628.84,0.57,27.44,1
2019-04-27,22.7667,77.2134,Bhopal,Madhya Pradesh,33.66,38.37,28.71,47.91,12.67,995.91,615.44,1.65,23.24,0
2019-04-28,21.4537,81.6293,Raipur,Chhattisgarh,35.56,38.59,31.25,49.01,2.12,1009.94,693.71,1.75,25.37,0
2019-04-29,24.6608,73.7854,Udaipur,Rajasthan,37.28,39.56,30.83,31.9,2.68,995.37,761.98,0,23.66,0
2019-04-30,27.4428,73.8051,Ajmer,Rajasthan,35.1,37.56,32.02,36.06,7.2,1011.03,607.48,0,22.31,0
2019-05-01,17.0531,78.4965,Hyderabad,Telangana,36.62,40.97,31.52,38.83,8.33,1001.21,655.73,1.52,24.39,0
2019-05-02,28.3504,76.7993,Delhi,Delhi,37.74,43.36,33.34,49.73,13.64,1011.38,696.91,0,27.69,1
2019-05-03,19.0249,73.3012,Mumbai,Maharashtra,33.39,38.01,29.68,35.03,14.37,1004.88,687.25,0,20.39,0
2019-05-04,22.3748,88.1377,Kolkata,West Bengal,33.63,38.13,27.18,38.34,12.04,998.02,736.54,0.9,21.3,0
2019-05-05,13.4383,80.385,Chennai,Tamil Nadu,38.63,41.87,33.82,45.8,2.91,1011.63,778.43,1.85,27.79,0
2019-05-06,26.6715,80.9246,Lucknow,Uttar Pradesh,34.31,38.53,28.15,41.81,16.33,1003.99,718.99,0,22.68,0
2019-05-07,23.0067,77.3498,Bhopal,Madhya Pradesh,37.1,39.51,30.5,44.23,7.5,1009.29,663.97,0,25.95,0
2019-05-08,21.5392,81.7763,Raipur,Chhattisgarh,34.57,37.2,30.08,45.23,6.53,1003.18,661.51,2.29,23.61,0
2019-05-09,24.4184,73.7947,Udaipur,Rajasthan,37.78,42.49,33.64,42.76,13.58,1008.13,783.93,0,26.33,1
2019-05-10,26.8997,74.5087,Ajmer,Rajasthan,38.27,44.14,32.48,46.8,8.27,1006.9,741.48,0,27.63,1
2019-05-11,17.2468,78.3486,Hyderabad,Telangana,38.38,43.7,32.43,29.78,12.97,1005.53,671.99,0,24.34,1
2019-05-12,28.3051,77.3729,Delhi,Delhi,37.95,43.74,33.01,45.52,5.62,997.75,791.4,1.8,27.06,1
2019-05-13,19.4073,73.1481,Mumbai,Maharashtra,39.61,41.76,35.26,25.95,14.26,997.62,686.93,0.83,24.8,0
2019-05-14,22.8205,88.3119,Kolkata,West Bengal,38.05,41.8,33.41,35.48,12.82,999.75,671.81,0.56,25.15,0
2019-05-15,13.0447,80.0518,Chennai,Tamil Nadu,36.06,41.29,31.18,38.25,15.36,1002.36,848.7,0,23.71,0
2019-05-16,27.2241,81.0035,Lucknow,Uttar Pradesh,36.05,41.92,29.79,46.08,14.82,997.77,714.29,2.86,25.27,0
2019-05-17,23.1965,77.8584,Bhopal,Madhya Pradesh,41.07,46.47,36.93,48.52,14.21,1000.46,739.61,0,30.77,1
2019-05-18,21.1249,81.1572,Raipur,Chhattisgarh,38.47,41.87,35.36,47.61,2.85,1005.04,732.52,6.43,27.99,0
2019-05-19,24.2238,73.9175,Udaipur,Rajasthan,41.67,46.27,35.5,32.31,4.2,1000.74,757.04,0,28.13,1
2019-05-20,26.6342,74.0051,Ajmer,Rajasthan,38.11,40.43,34.09,38.79,15.36,1005.98,713.02,0,25.87,0
2019-05-21,16.9014,78.5014,Hyderabad,Telangana,38.21,41.89,32.04,40.69,9.31,997.22,779.26,0,26.35,0
2019-05-22,29.1787,76.6697,Delhi,Delhi,38.57,42.28,33.11,42.55,5.85,1003.33,714.34,0,27.08,1
2019-05-23,18.8297,72.3932,Mumbai,Maharashtra,36.26,42.21,31.04,36.35,8.25,1004.4,634.14,0,23.53,1
2019-05-24,22.618,88.6765,Kolkata,West Bengal,39.14,44.08,33.63,30.56,14.34,1009.7,720.93,0.52,25.26,1
2019-05-25,13.0407,80.0634,Chennai,Tamil Nadu,40.37,44.23,34.59,49.9,12.11,1011.23,809.73,1.34,30.35,1
2019-05-26,27.1033,80.6401,Lucknow,Uttar Pradesh,40.17,42.34,33.43,38.77,10.25,1014.78,694.57,0,27.92,1
2019-05-27,23.6536,77.2986,Bhopal,Madhya Pradesh,36.8,42.26,32.47,48.05,3.99,1002.36,796.19,0,26.41,1
2019-05-28,21.3525,81.9513,Raipur,Chhattisgarh,41.36,45.35,34.66,35.44,10.31,1011.02,731.28,0,28.45,1
2019-05-29,24.4365,73.2544,Udaipur,Rajasthan,37.44,39.76,31.8,34.83,6.9,1007.05,667.11,1.37,24.41,0
2019-05-30,26.8863,74.5181,Ajmer,Rajasthan,40.48,46.48,36.38,31.22,17.68,1013.96,800.23,1.29,26.73,1
2019-05-31,17.2513,78.3689,Hyderabad,Telangana,37.16,39.73,31.73,18.65,14.5,995.7,817.16,1.42,20.89,0
2019-06-01,28.602,77.2516,Delhi,Delhi,36.86,41.58,30.07,31.89,7.95,1010.26,684.23,0,23.24,0
2019-06-02,19.0223,73.3734,Mumbai,Maharashtra,39.42,44.36,34.42,40.15,8.19,1006.23,737.34,1.55,27.44,1
2019-06-03,22.1598,88.5449,Kolkata,West Bengal,38.49,42.45,35.0,53.48,15.65,1004.04,784.88,0,29.18,1
2019-06-04,13.5103,80.4077,Chennai,Tamil Nadu,40.52,43.91,37.27,30.18,10.67,1012.83,789.13,0,26.56,1
2019-06-05,26.7189,81.2527,Lucknow,Uttar Pradesh,40.24,42.72,36.43,26.68,4.22,1010.81,805.82,0.42,25.57,1
2019-06-06,23.5823,76.9858,Bhopal,Madhya Pradesh,37.03,39.38,32.8,32.24,17.99,1009.38,659.51,0,23.48,0
2019-06-07,20.932,82.0953,Raipur,Chhattisgarh,42.51,46.31,36.79,33.67,7.51,1012.56,758.32,0,29.25,1
2019-06-08,24.431,74.1529,Udaipur,Rajasthan,35.73,37.95,32.23,42.78,4.45,998.29,710.92,2.82,24.28,0
2019-06-09,27.0256,73.8856,Ajmer,Rajasthan,42.83,45.83,37.29,25.98,10.81,997.5,726.14,2.33,28.03,1
2019-06-10,16.9134,78.0315,Hyderabad,Telangana,40.89,45.53,35.01,33.73,11.68,1011.85,660.87,0,27.64,1
2019-06-11,28.4937,77.5587,Delhi,Delhi,38.19,42.8,32.13,27.17,8.67,1007.78,677.24,0.03,23.63,1
2019-06-12,18.78,72.9837,Mumbai,Maharashtra,36.29,41.03,32.1,36.8,3.17,996.2,694.54,0.85,23.64,0
2019-06-13,22.3911,88.3295,Kolkata,West Bengal,38.69,43.62,32.24,46.96,17.61,997.62,704.33,1.87,28.08,1
2019-06-14,12.7427,80.0974,Chennai,Tamil Nadu,39.77,42.15,35.6,41.15,8.15,1007.31,749.93,4.0,27.99,1
2019-06-15,27.2952,80.9544,Lucknow,Uttar Pradesh,38.42,43.47,33.43,31.85,10.24,1004.98,745.29,0.4,24.79,1
2019-06-16,23.2957,77.7592,Bhopal,Madhya Pradesh,41.33,44.74,38.13,33.91,9.92,1012.65,717.55,0,28.11,1
2019-06-17,21.3032,81.2025,Raipur,Chhattisgarh,36.23,41.14,30.17,42.0,7.85,1003.01,719.94,0,24.63,0
2019-06-18,24.8799,73.5511,Udaipur,Rajasthan,36.59,39.71,29.64,34.66,12.89,997.38,799.27,0,23.52,0
2019-06-19,26.9967,74.174,Ajmer,Rajasthan,43.11,45.9,38.07,29.98,10.0,995.91,779.28,1.37,29.1,1
2019-06-20,17.2214,78.8143,Hyderabad,Telangana,38.11,41.42,32.66,29.04,4.6,1014.81,747.17,0,23.92,0
2019-06-21,29.0008,77.3273,Delhi,Delhi,36.92,40.12,30.66,32.47,7.89,1008.48,815.65,0,23.42,0
2019-06-22,19.1595,72.5475,Mumbai,Maharashtra,39.82,43.72,32.95,33.29,14.53,1010.52,679.3,0,26.48,1
2019-06-23,22.0909,88.1767,Kolkata,West Bengal,38.07,43.43,34.48,26.97,12.89,995.63,772.64,0,23.46,1
2019-06-24,12.7211,79.9773,Chennai,Tamil Nadu,41.75,45.39,35.65,45.03,16.73,1012.46,747.99,0,30.76,1
2019-06-25,27.122,81.1699,Lucknow,Uttar Pradesh,38.62,42.72,34.37,45.58,4.77,1013.24,723.7,1.56,27.74,1
2019-06-26,23.0566,77.201,Bhopal,Madhya Pradesh,38.03,42.47,34.26,25.48,5.94,1006.16,770.14,5.31,23.13,1
2019-06-27,21.4266,81.5087,Raipur,Chhattisgarh,40.75,44.02,36.35,47.22,16.94,1010.91,744.91,1.01,30.19,1
2019-06-28,24.5274,73.4684,Udaipur,Rajasthan,43.56,49.38,37.34,33.38,6.65,1000.75,737.92,0,30.24,1
2019-06-29,26.7655,74.3868,Ajmer,Rajasthan,38.53,42.69,31.8,35.99,13.14,997.75,698.06,0,25.73,1
2019-06-30,17.4354,78.9151,Hyderabad,Telangana,37.03,39.24,32.38,33.14,13.48,997.01,747.85,0,23.66,0
2019-07-01,29.1119,76.6915,Delhi,Delhi,35.9,41.41,30.99,45.76,5.19,1014.28,715.43,8.5,25.05,0
2019-07-02,19.4956,73.3742,Mumbai,Maharashtra,37.54,42.44,30.8,31.06,16.61,998.5,768.88,0,23.76,1
2019-07-03,22.1793,88.846,Kolkata,West Bengal,37.85,43.59,31.0,41.24,16.82,1012.53,809.87,2.38,26.09,1
2019-07-04,12.6956,79.9325,Chennai,Tamil Nadu,38.37,42.54,33.39,59.18,17.02,1012.02,712.36,2.65,30.21,1
2019-07-05,27.2061,81.346,Lucknow,Uttar Pradesh,38.12,40.87,32.18,37.38,14.65,1006.36,745.01,0,25.6,0
2019-07-06,23.0198,77.1475,Bhopal,Madhya Pradesh,40.68,43.03,35.0,27.39,4.96,997.81,725.85,5.38,26.16,1
2019-07-07,20.8682,81.4358,Raipur,Chhattisgarh,39.62,42.83,33.73,16.18,2.18,1008.07,735.44,0.32,22.86,1
2019-07-08,24.6996,73.4311,Udaipur,Rajasthan,37.49,43.07,31.67,41.45,6.98,997.35,776.87,0,25.78,1
2019-07-09,27.1871,73.9354,Ajmer,Rajasthan,40.15,45.14,34.73,39.72,8.65,1005.98,678.62,3.13,28.1,1
2019-07-10,16.9468,78.5336,Hyderabad,Telangana,39.37,44.86,36.04,49.84,9.15,1009.08,795.39,5.04,29.33,1
2019-07-11,28.2949,77.1124,Delhi,Delhi,36.64,39.24,32.32,36.22,10.33,997.32,755.67,8.36,23.88,0
2019-07-12,18.9719,73.1935,Mumbai,Maharashtra,39.96,44.01,35.13,28.53,2.92,1004.25,764.2,0,25.67,1
2019-07-13,23.0058,87.8947,Kolkata,West Bengal,39.02,41.2,34.64,26.38,3.02,1014.88,752.19,1.24,24.3,0
2019-07-14,13.4526,80.6768,Chennai,Tamil Nadu,36.13,41.2,29.22,44.48,12.33,1003.41,782.56,1.78,25.03,0
2019-07-15,26.8788,81.1769,Lucknow,Uttar Pradesh,36.78,41.42,31.62,45.77,12.46,1001.96,759.09,7.59,25.93,0
2019-07-16,23.0065,77.2582,Bhopal,Madhya Pradesh,38.87,40.96,34.68,38.07,12.78,1005.89,639.44,0.14,26.48,0
2019-07-17,20.7656,81.3351,Raipur,Chhattisgarh,37.99,42.89,34.54,56.19,14.95,1003.38,739.61,0,29.23,1
2019-07-18,24.3023,74.0757,Udaipur,Rajasthan,39.08,43.47,33.26,39.04,2.78,1009.81,697.75,4.11,26.89,1
2019-07-19,26.8437,74.0188,Ajmer,Rajasthan,40.78,43.94,34.52,41.29,13.7,1001.38,664.99,0,29.04,1
2019-07-20,17.511,78.4132,Hyderabad,Telangana,40.29,43.17,36.08,47.42,2.98,1013.97,804.49,0,29.77,1
2019-07-21,28.5805,77.3564,Delhi,Delhi,33.0,38.77,27.32,39.01,14.57,1001.37,698.04,3.43,20.81,0
2019-07-22,19.1333,72.5111,Mumbai,Maharashtra,34.41,37.62,28.58,41.22,14.89,1013.29,599.74,0,22.66,0
2019-07-23,22.3405,88.5367,Kolkata,West Bengal,38.2,42.79,31.51,44.26,15.55,996.85,713.88,0,27.05,1
2019-07-24,12.916,80.727,Chennai,Tamil Nadu,34.78,37.54,28.74,29.3,13.59,1006.18,617.13,3.3,20.64,0
2019-07-25,26.5545,81.3641,Lucknow,Uttar Pradesh,42.6,48.45,39.13,41.15,17.99,1004.58,718.44,8.8,30.83,1
2019-07-26,22.8576,77.8933,Bhopal,Madhya Pradesh,34.52,38.05,29.39,35.14,7.75,1000.23,654.86,1.53,21.55,0
2019-07-27,21.0108,82.0638,Raipur,Chhattisgarh,33.92,39.58,29.44,42.75,8.62,1006.25,716.34,4.76,22.47,0
2019-07-28,24.7698,73.4693,Udaipur,Rajasthan,35.73,38.34,31.41,36.13,8.08,1011.67,636.33,2.03,22.95,0
2019-07-29,27.0113,74.6339,Ajmer,Rajasthan,39.69,44.26,34.73,21.58,4.69,1010.9,745.9,8.98,24.01,1
2019-07-30,17.2974,78.8285,Hyderabad,Telangana,34.53,36.77,31.4,37.63,15.55,1013.9,663.19,0,22.06,0
2019-07-31,28.6872,77.0899,Delhi,Delhi,37.53,39.57,32.51,53.36,7.97,1007.36,668.2,0,28.2,0
2019-08-01,19.25,73.1832,Mumbai,Maharashtra,39.56,41.61,34.45,41.6,6.4,1014.55,791.59,2.98,27.88,0
2019-08-02,22.4689,88.2361,Kolkata,West Bengal,37.7,40.08,34.1,39.43,5.07,1005.53,713.96,0,25.58,0
2019-08-03,13.3426,79.8635,Chennai,Tamil Nadu,34.61,40.57,30.71,47.51,12.94,1011.96,639.71,0,24.11,0
2019-08-04,26.9159,81.307,Lucknow,Uttar Pradesh,34.77,37.0,31.73,49.04,4.74,1005.0,613.39,5.53,24.58,0
2019-08-05,22.8333,77.8376,Bhopal,Madhya Pradesh,38.49,40.66,34.65,47.89,15.89,1012.75,675.86,2.24,28.07,0
2019-08-06,21.4627,81.5273,Raipur,Chhattisgarh,38.4,40.53,31.68,36.58,7.03,1014.23,617.31,0,25.71,0
2019-08-07,24.225,74.2005,Udaipur,Rajasthan,37.22,40.19,30.89,45.19,8.23,1012.93,644.92,9.31,26.26,0
2019-08-08,27.4779,74.1137,Ajmer,Rajasthan,35.64,41.53,32.42,33.99,8.99,1011.77,637.48,9.21,22.43,0
2019-08-09,17.5647,78.6467,Hyderabad,Telangana,35.93,39.03,28.96,41.68,9.85,1002.12,730.6,0.08,24.27,0
2019-08-10,28.9437,76.9187,Delhi,Delhi,38.09,43.28,32.24,49.64,3.31,998.08,661.51,0,28.02,1
2019-08-11,19.1307,72.785,Mumbai,Maharashtra,35.71,38.94,31.27,44.79,6.32,997.65,696.67,7.04,24.66,0
2019-08-12,22.1567,88.7641,Kolkata,West Bengal,37.23,39.6,31.84,45.85,7.19,1002.7,660.18,6.78,26.4,0
2019-08-13,12.6463,80.2047,Chennai,Tamil Nadu,39.8,44.09,36.12,32.55,8.09,997.78,651.92,7.53,26.31,1
2019-08-14,26.457,80.7537,Lucknow,Uttar Pradesh,33.03,35.34,29.02,49.68,5.95,1007.5,640.14,0.17,22.97,0
2019-08-15,23.7332,77.0481,Bhopal,Madhya Pradesh,36.59,41.07,30.37,43.38,7.27,1001.69,704.37,0,25.27,0
2019-08-16,21.241,81.7049,Raipur,Chhattisgarh,32.63,35.43,28.37,63.54,17.43,1014.37,642.08,9.45,25.34,0
2019-08-17,24.7667,73.7621,Udaipur,Rajasthan,34.64,39.9,30.06,54.13,3.82,1006.28,606.5,0,25.46,0
2019-08-18,26.9321,74.2163,Ajmer,Rajasthan,36.5,41.33,31.74,44.14,6.66,1008.86,693.56,0,25.33,0
2019-08-19,17.2858,78.4926,Hyderabad,Telangana,33.2,37.83,27.34,42.67,14.63,996.48,710.23,1.67,21.73,0
2019-08-20,28.289,77.371,Delhi,Delhi,36.71,40.88,30.54,41.58,7.75,1012.91,580.86,0.36,25.02,0
2019-08-21,19.5417,72.8075,Mumbai,Maharashtra,32.81,37.4,29.63,41.58,17.74,1008.55,579.76,6.93,21.12,0
2019-08-22,22.8443,88.4516,Kolkata,West Bengal,35.2,39.24,30.12,48.63,11.29,1006.5,597.29,3.66,24.92,0
2019-08-23,12.7247,80.0819,Chennai,Tamil Nadu,31.63,33.73,28.21,48.58,8.66,1014.23,729.8,9.92,21.35,0
2019-08-24,27.1602,80.5641,Lucknow,Uttar Pradesh,31.98,35.91,27.07,50.5,9.01,1008.94,620.38,5.84,22.08,0
2019-08-25,23.3188,77.8705,Bhopal,Madhya Pradesh,34.79,39.5,31.13,39.99,17.74,999.88,648.5,4.63,22.78,0
2019-08-26,21.3422,81.5178,Raipur,Chhattisgarh,33.14,35.88,27.58,57.87,8.91,995.58,606.88,0,24.72,0
2019-08-27,24.411,73.6696,Udaipur,Rajasthan,32.34,37.35,26.11,44.95,3.0,997.04,651.03,0,21.33,0
2019-08-28,27.3685,74.3344,Ajmer,Rajasthan,32.22,36.33,26.67,66.45,11.55,1007.23,586.04,0,25.51,0
2019-08-29,17.068,78.6794,Hyderabad,Telangana,33.56,36.75,28.1,39.43,3.36,997.68,653.85,4.88,21.45,0
2019-08-30,29.2039,77.1569,Delhi,Delhi,30.07,32.62,25.54,50.79,4.97,1007.71,594.07,0,20.23,0
2019-08-31,19.3912,73.3408,Mumbai,Maharashtra,30.86,34.11,26.05,52.05,2.86,1002.18,642.93,2.16,21.27,0
2019-09-01,22.8331,88.1551,Kolkata,West Bengal,29.42,34.16,24.76,51.85,15.44,1004.77,623.49,2.62,19.79,0
2019-09-02,12.6972,80.5451,Chennai,Tamil Nadu,31.17,33.85,26.34,62.4,13.88,1010.32,586.02,1.25,23.65,0
2019-09-03,27.1801,81.2003,Lucknow,Uttar Pradesh,32.21,37.5,29.05,46.14,13.5,1005.93,629.24,1.85,21.44,0
2019-09-04,22.9959,77.7227,Bhopal,Madhya Pradesh,28.91,32.71,24.52,82.58,15.07,1003.78,689.11,1.67,25.43,0
2019-09-05,20.8094,81.4798,Raipur,Chhattisgarh,29.38,34.23,23.85,49.92,4.66,997.78,608.57,5.28,19.37,0
2019-09-06,24.7643,73.3072,Udaipur,Rajasthan,30.28,33.58,24.46,64.01,6.63,1000.35,687.39,0,23.08,0
2019-09-07,27.2344,74.5455,Ajmer,Rajasthan,33.98,39.65,27.01,51.41,15.87,997.54,617.96,0,24.26,0
2019-09-08,17.7651,78.0791,Hyderabad,Telangana,30.58,34.53,25.27,43.1,6.3,1003.28,521.68,4.11,19.2,0
2019-09-09,28.9367,77.3329,Delhi,Delhi,28.55,34.3,24.07,54.87,17.2,1001.55,672.19,2.13,19.52,0
2019-09-10,18.8445,73.2053,Mumbai,Maharashtra,27.1,30.53,23.85,58.98,10.55,999.36,551.38,3.48,18.9,0
2019-09-11,22.8559,88.3226,Kolkata,West Bengal,28.37,32.64,23.43,65.31,7.5,1008.65,601.01,2.69,21.43,0
2019-09-12,13.233,79.929,Chennai,Tamil Nadu,32.35,36.12,29.35,67.9,17.33,999.05,565.74,0,25.93,0
2019-09-13,26.6555,81.1484,Lucknow,Uttar Pradesh,30.8,35.42,26.8,54.58,7.95,1013.08,597.76,6.33,21.72,0
2019-09-14,22.7683,77.6076,Bhopal,Madhya Pradesh,29.42,34.24,26.42,69.26,9.63,997.65,580.16,9.46,23.28,0
2019-09-15,21.0634,82.01,Raipur,Chhattisgarh,31.37,35.06,27.84,36.32,3.13,1002.66,562.67,0,18.63,0
2019-09-16,24.735,73.6521,Udaipur,Rajasthan,30.97,35.98,27.43,68.96,17.89,997.86,555.64,1.88,24.76,0
2019-09-17,27.2754,74.3066,Ajmer,Rajasthan,28.03,30.64,23.38,47.84,12.99,1012.2,578.28,3.19,17.6,0
2019-09-18,17.4926,78.765,Hyderabad,Telangana,24.47,27.73,20.92,73.05,6.43,996.68,491.25,0,19.08,0
2019-09-19,28.2586,77.4999,Delhi,Delhi,26.69,31.32,22.48,45.33,10.28,1005.19,551.15,0,15.75,0
2019-09-20,19.5099,72.509,Mumbai,Maharashtra,30.14,32.59,25.14,57.59,11.5,1005.57,694.04,0,21.66,0
2019-09-21,22.1395,88.1252,Kolkata,West Bengal,29.35,32.81,23.62,52.69,14.2,1014.09,546.01,1.09,19.89,0
2019-09-22,12.6654,80.3066,Chennai,Tamil Nadu,28.17,33.33,23.14,61.78,12.06,1005.02,474.34,5.94,20.52,0
2019-09-23,26.9843,81.2835,Lucknow,Uttar Pradesh,26.07,29.31,21.03,57.21,5.25,1011.16,489.48,0.87,17.52,0
2019-09-24,23.2124,77.5208,Bhopal,Madhya Pradesh,26.76,31.56,20.84,59.25,15.54,996.16,580.27,4.75,18.61,0
2019-09-25,21.273,81.912,Raipur,Chhattisgarh,25.67,30.63,22.19,74.62,13.33,1009.03,594.82,12.6,20.59,0
2019-09-26,24.8921,73.484,Udaipur,Rajasthan,26.44,28.95,20.31,58.04,6.3,1012.73,529.31,0.79,18.05,0
2019-09-27,26.8907,73.9721,Ajmer,Rajasthan,29.36,33.67,26.05,68.15,9.28,1002.2,459.57,2.02,22.99,0
2019-09-28,17.3568,78.369,Hyderabad,Telangana,28.34,33.23,24.42,69.94,10.14,995.88,545.24,0,22.32,0
2019-09-29,28.6203,77.3223,Delhi,Delhi,28.76,34.19,23.55,79.05,16.62,1009.81,478.91,4.14,24.57,0
2019-09-30,19.5301,72.4459,Mumbai,Maharashtra,25.74,29.23,20.73,67.69,16.43,998.59,561.31,0,19.27,0
2019-10-01,22.3759,88.4857,Kolkata,West Bengal,24.05,29.43,19.74,66.33,10.85,995.16,530.31,2.45,17.32,0
2019-10-02,12.5894,80.18,Chennai,Tamil Nadu,22.83,26.8,16.74,67.74,5.13,1013.01,509.76,0,16.38,0
2019-10-03,27.0772,80.5529,Lucknow,Uttar Pradesh,25.43,30.79,18.92,73.09,17.22,995.03,450.46,0,20.05,0
2019-10-04,23.6563,77.4318,Bhopal,Madhya Pradesh,23.59,27.55,20.35,65.08,17.95,1009.23,594.61,2.49,16.6,0
2019-10-05,21.3178,81.564,Raipur,Chhattisgarh,24.25,30.15,20.91,59.23,3.53,997.67,505.66,0,16.1,0
2019-10-06,24.357,73.2867,Udaipur,Rajasthan,26.07,29.11,21.81,65.69,14.81,1009.01,489.93,0,19.21,0
2019-10-07,27.4876,73.9246,Ajmer,Rajasthan,25.46,29.8,21.84,80.73,4.63,1004.32,439.09,1.37,21.6,0
2019-10-08,17.7209,78.3138,Hyderabad,Telangana,23.68,26.16,20.05,73.69,12.98,1011.53,482.68,0,18.42,0
2019-10-09,28.6084,77.0542,Delhi,Delhi,25.32,28.74,20.26,71.51,12.83,1000.2,496.66,0,19.62,0
2019-10-10,18.7067,73.2007,Mumbai,Maharashtra,23.83,27.68,17.62,62.57,4.24,995.24,549.72,0,16.35,0
2019-10-11,22.9745,88.3064,Kolkata,West Bengal,21.7,26.28,16.37,77.16,6.14,1011.25,495.74,0.1,17.13,0
2019-10-12,13.4047,80.165,Chennai,Tamil Nadu,26.46,31.78,22.14,82.01,2.68,1004.22,506.64,2.27,22.86,0
2019-10-13,26.9692,80.6948,Lucknow,Uttar Pradesh,26.26,28.95,22.4,72.07,4.99,1000.6,481.15,0,20.67,0
2019-10-14,23.2848,77.5428,Bhopal,Madhya Pradesh,22.51,26.71,19.27,78.15,6.48,997.74,500.58,3.95,18.14,0
2019-10-15,21.2524,81.5174,Raipur,Chhattisgarh,24.05,30.0,17.92,57.14,7.75,1005.89,355.1,0.42,15.47,0
2019-10-16,24.8518,74.2116,Udaipur,Rajasthan,23.46,26.34,16.88,77.35,14.46,996.17,523.2,0,18.93,0
2019-10-17,26.7424,74.5635,Ajmer,Rajasthan,23.44,28.06,19.37,70.8,15.06,1013.35,616.28,2.31,17.6,0
2019-10-18,17.799,78.0142,Hyderabad,Telangana,22.9,28.25,16.51,64.62,4.82,1006.85,482.52,0,15.82,0
2019-10-19,28.5131,77.0924,Delhi,Delhi,20.68,24.93,15.43,53.66,5.01,1014.76,495.58,0,11.41,0
2019-10-20,19.2929,73.2958,Mumbai,Maharashtra,23.21,26.09,18.11,75.66,2.01,1013.36,457.69,1.01,18.34,0
2019-10-21,23.0326,88.2366,Kolkata,West Bengal,22.79,24.88,17.45,67.03,16.68,1010.49,503.35,0,16.2,0
2019-10-22,13.5437,80.4192,Chennai,Tamil Nadu,23.51,25.91,19.3,70.4,4.18,998.15,527.88,0,17.59,0
2019-10-23,26.6568,81.1375,Lucknow,Uttar Pradesh,23.87,28.65,17.16,92.35,14.59,999.46,414.63,0,22.34,0
2019-10-24,23.3614,77.833,Bhopal,Madhya Pradesh,23.54,29.33,16.74,83.26,8.27,1014.89,450.61,0,20.19,0
2019-10-25,20.9179,82.0143,Raipur,Chhattisgarh,22.5,26.76,15.75,73.2,4.25,1009.91,445.95,5.67,17.14,0
2019-10-26,24.3417,73.32,Udaipur,Rajasthan,23.61,28.17,17.07,81.34,9.15,1000.3,432.5,0.75,19.88,0
2019-10-27,26.6244,74.1965,Ajmer,Rajasthan,22.76,27.69,15.88,75.1,16.15,1004.86,384.22,1.74,17.78,0
2019-10-28,17.8367,78.0602,Hyderabad,Telangana,22.52,27.27,18.87,66.63,3.18,1011.92,414.75,1.68,15.85,0
2019-10-29,28.6867,76.633,Delhi,Delhi,21.39,26.32,16.2,82.52,16.37,996.86,366.98,0,17.89,0
2019-10-30,19.298,73.107,Mumbai,Maharashtra,21.42,26.98,17.79,74.35,3.62,999.11,450.05,2.87,16.29,0
2019-10-31,22.4996,88.1575,Kolkata,West Bengal,19.98,22.93,16.78,82.85,11.15,1011.8,445.9,1.56,16.55,0
2019-11-01,12.8914,80.1675,Chennai,Tamil Nadu,18.56,21.36,15.46,67.48,4.73,1000.84,500.24,1.9,12.06,0
2019-11-02,26.6133,80.9141,Lucknow,Uttar Pradesh,16.9,19.26,11.72,77.82,4.96,1012.71,376.81,1.59,12.46,0
2019-11-03,23.7297,77.5017,Bhopal,Madhya Pradesh,19.92,22.16,13.91,83.59,12.68,996.71,376.64,2.08,16.63,0
2019-11-04,21.2263,81.208,Raipur,Chhattisgarh,15.91,21.19,11.24,72.57,10.57,1012.34,306.87,0.65,10.43,0
2019-11-05,24.8422,73.3849,Udaipur,Rajasthan,21.98,25.99,15.38,70.68,14.81,1008.55,388.04,0,16.12,0
2019-11-06,27.1502,74.5511,Ajmer,Rajasthan,24.57,29.81,21.07,76.14,8.77,1014.77,246.25,2.71,19.8,0
2019-11-07,17.3432,78.8595,Hyderabad,Telangana,18.89,24.54,15.62,95,8.21,1002.95,383.25,1.43,17.89,0
2019-11-08,29.1436,77.5269,Delhi,Delhi,19.6,23.69,14.93,67.93,8.63,997.96,327.73,0,13.19,0
2019-11-09,19.185,72.4145,Mumbai,Maharashtra,17.98,21.13,12.84,77.68,7.5,1003.22,354.45,1.55,13.52,0
2019-11-10,22.8177,88.7838,Kolkata,West Bengal,18.52,22.96,12.75,83.77,2.62,1012.79,376.98,1.28,15.28,0
2019-11-11,13.4519,79.9044,Chennai,Tamil Nadu,18.89,24.16,14.68,78.67,6.49,1004.83,385.33,0,14.63,0
2019-11-12,27.174,81.1899,Lucknow,Uttar Pradesh,20.58,25.88,16.5,78.51,8.67,1007.91,403.86,1.27,16.28,0
2019-11-13,23.6103,77.7913,Bhopal,Madhya Pradesh,18.56,23.85,13.5,64.12,4.54,1001.22,361.73,0,11.38,0
2019-11-14,21.024,81.9525,Raipur,Chhattisgarh,19.49,24.82,13.14,81.36,5.99,1004.13,454.65,0,15.76,0
2019-11-15,24.6719,73.5618,Udaipur,Rajasthan,15.24,17.74,12.12,80.29,7.96,1006.88,429.16,3.63,11.3,0
2019-11-16,27.4879,74.5741,Ajmer,Rajasthan,20.16,25.16,14.41,95,6.56,1002.73,416.72,2.23,19.16,0
2019-11-17,17.7965,78.6334,Hyderabad,Telangana,16.05,19.12,11.41,71.51,2.32,1010.61,381.69,0,10.35,0
2019-11-18,28.5805,76.9507,Delhi,Delhi,17.54,20.55,11.32,80.74,6.89,1014.34,346.37,0,13.69,0
2019-11-19,19.4193,72.7512,Mumbai,Maharashtra,17.61,22.32,11.32,90.55,8.35,997.05,303.88,0,15.72,0
2019-11-20,22.3331,88.5741,Kolkata,West Bengal,15.89,19.09,12.46,73.03,3.02,1014.77,312.57,0,10.5,0
2019-11-21,13.2435,80.4508,Chennai,Tamil Nadu,18.75,21.35,12.69,77.78,16.39,1011.11,395.87,0,14.31,0
2019-11-22,26.922,80.6389,Lucknow,Uttar Pradesh,16.82,22.81,12.78,70.71,8.7,1002.77,448.93,0.69,10.96,0
2019-11-23,23.5996,77.7885,Bhopal,Madhya Pradesh,17.04,21.18,10.9,76.78,16.5,1008.44,274.32,0,12.4,0
2019-11-24,21.0856,81.2183,Raipur,Chhattisgarh,17.54,20.05,13.51,85.88,14.93,1010.26,400.13,2.76,14.71,0
2019-11-25,24.5555,74.0784,Udaipur,Rajasthan,15.04,18.27,8.89,93.19,7.3,1000.21,341.21,3.76,13.68,0
2019-11-26,26.5771,74.5712,Ajmer,Rajasthan,12.83,15.11,6.27,73.3,10.01,1012.35,335.5,1.14,7.49,0
2019-11-27,17.6639,78.4736,Hyderabad,Telangana,17.78,21.41,12.5,87.17,16.51,1004.15,333.02,2.9,15.21,0
2019-11-28,28.6936,77.3656,Delhi,Delhi,15.98,20.52,12.96,79.61,6.38,1010.22,405.47,2.97,11.9,0
2019-11-29,18.9491,72.3911,Mumbai,Maharashtra,19.11,23.64,14.49,89.23,17.45,1002.67,395.04,0.31,16.95,0
2019-11-30,22.2009,88.2466,Kolkata,West Bengal,15.03,17.79,9.32,95,12.03,999.98,345.49,0,14.03,0
2019-12-01,13.471,80.7655,Chennai,Tamil Nadu,15.59,20.89,11.4,81.15,6.65,1009.56,323.0,0,11.82,0
2019-12-02,27.0772,80.5802,Lucknow,Uttar Pradesh,14.19,17.62,10.43,95,17.17,1013.36,329.69,0.82,13.19,0
2019-12-03,23.2937,76.9606,Bhopal,Madhya Pradesh,16.23,18.9,11.76,73.34,12.41,995.75,385.7,0,10.9,0
2019-12-04,21.2244,81.2821,Raipur,Chhattisgarh,19.38,24.0,16.3,83.69,13.04,1003.34,311.35,1.72,16.12,0
2019-12-05,24.9157,73.3169,Udaipur,Rajasthan,15.43,18.64,9.79,73.58,12.6,1000.4,335.02,0,10.15,0
2019-12-06,26.7247,74.4204,Ajmer,Rajasthan,16.14,18.6,12.71,80.38,5.18,998.99,350.61,2.43,12.21,0
2019-12-07,17.7919,78.8212,Hyderabad,Telangana,16.13,20.11,12.3,86.58,16.93,1001.61,429.41,0.05,13.44,0
2019-12-08,29.1927,76.898,Delhi,Delhi,15.69,18.05,10.64,80.52,13.58,997.03,352.74,1.45,11.79,0
2019-12-09,18.671,73.1352,Mumbai,Maharashtra,15.31,18.01,12.15,85.39,6.65,1011.03,321.98,3.02,12.39,0
2019-12-10,22.165,88.678,Kolkata,West Bengal,19.92,24.57,16.23,89.1,7.72,1003.75,278.78,0,17.74,0
2019-12-11,13.3799,79.8831,Chennai,Tamil Nadu,16.96,22.81,12.88,92.1,8.17,1012.01,374.57,0,15.39,0
2019-12-12,26.5313,80.8288,Lucknow,Uttar Pradesh,15.88,21.65,12.24,82.15,8.66,1006.82,376.07,0,12.31,0
2019-12-13,23.1703,76.958,Bhopal,Madhya Pradesh,15.78,20.51,9.42,86.33,17.58,997.61,372.83,0,13.04,0
2019-12-14,21.4198,81.4673,Raipur,Chhattisgarh,15.93,20.75,10.22,91.81,14.28,1006.53,224.28,0,14.29,0
2019-12-15,24.924,73.7703,Udaipur,Rajasthan,12.97,15.35,7.32,83.12,5.98,1001.91,328.65,0,9.59,0
2019-12-16,27.0146,73.9579,Ajmer,Rajasthan,16.69,21.27,13.07,84.74,15.58,1012.04,363.87,0,13.64,0
2019-12-17,17.3331,78.8426,Hyderabad,Telangana,16.65,19.54,11.07,84.49,8.45,999.7,263.29,0.91,13.54,0
2019-12-18,28.2949,77.2062,Delhi,Delhi,15.06,19.04,9.44,86.3,3.64,1003.25,349.23,0,12.32,0
2019-12-19,18.7989,72.8315,Mumbai,Maharashtra,14.75,18.78,10.92,80.36,12.74,1014.01,339.1,0.51,10.82,0
2019-12-20,22.4134,88.6929,Kolkata,West Bengal,13.42,17.31,7.79,80.89,13.45,997.28,352.07,0,9.59,0
2019-12-21,13.3046,79.877,Chennai,Tamil Nadu,17.62,21.71,11.82,83.52,2.73,998.28,400.5,2.45,14.33,0
2019-12-22,26.7645,81.3756,Lucknow,Uttar Pradesh,15.02,20.74,10.45,81.67,9.31,1010.63,345.2,0,11.35,0
2019-12-23,23.2894,76.9606,Bhopal,Madhya Pradesh,17.41,22.5,12.61,75.87,12.54,1014.12,389.28,1.76,12.58,0
2019-12-24,20.8784,81.5164,Raipur,Chhattisgarh,19.54,23.47,14.51,78.89,16.74,998.54,279.23,0,15.32,0
2019-12-25,25.0486,74.1825,Udaipur,Rajasthan,12.71,16.72,8.17,75.12,17.67,1013.32,353.92,0,7.73,0
2019-12-26,27.2349,74.6525,Ajmer,Rajasthan,15.05,18.7,9.25,86.11,13.97,1000.98,321.37,0,12.27,0
2019-12-27,17.8433,78.4899,Hyderabad,Telangana,15.19,19.69,11.03,80.84,7.52,1008.45,423.52,0,11.36,0
2019-12-28,28.9519,77.4434,Delhi,Delhi,15.52,17.98,11.11,78.12,9.69,1006.41,326.16,0,11.14,0
2019-12-29,19.3262,72.5379,Mumbai,Maharashtra,15.28,20.52,10.19,95,2.4,997.91,336.49,0,14.28,0
2019-12-30,22.1745,88.731,Kolkata,West Bengal,15.84,21.2,10.08,90.53,6.72,1010.07,442.93,0.74,13.95,0
2019-12-31,13.2475,80.6965,Chennai,Tamil Nadu,15.96,20.93,10.72,68.56,5.8,1010.69,366.17,0,9.67,0
2020-01-01,27.1309,81.3191,Lucknow,Uttar Pradesh,12.45,18.36,8.2,95,10.83,995.26,353.84,2.78,11.45,0
2020-01-02,23.7233,77.2062,Bhopal,Madhya Pradesh,18.43,23.25,12.84,68.91,14.08,1005.93,286.29,0,12.21,0
2020-01-03,20.8801,81.713,Raipur,Chhattisgarh,17.69,20.44,14.0,95,10.22,1002.54,298.55,1.11,16.69,0
2020-01-04,24.7006,73.8739,Udaipur,Rajasthan,16.35,21.19,12.74,91.31,4.46,1001.45,467.04,1.46,14.62,0
2020-01-05,27.0281,74.1329,Ajmer,Rajasthan,13.86,17.3,7.73,84.65,7.09,999.4,365.36,0.69,10.79,0
2020-01-06,17.4155,78.9826,Hyderabad,Telangana,15.67,18.56,11.82,83.1,7.31,1002.22,375.21,3.28,12.29,0
2020-01-07,29.1629,77.2846,Delhi,Delhi,19.1,21.14,13.43,63.61,9.13,1013.09,307.16,0,11.83,0
2020-01-08,18.951,73.1798,Mumbai,Maharashtra,14.73,20.51,10.19,95,10.64,1000.66,439.75,0,13.73,0
2020-01-09,22.61,87.8703,Kolkata,West Bengal,16.16,21.75,12.39,84.3,10.22,1013.96,424.08,4.34,13.02,0
2020-01-10,13.5592,80.5452,Chennai,Tamil Nadu,19.52,24.62,13.07,88.11,8.79,997.08,287.53,0,17.15,0
2020-01-11,27.1442,81.0071,Lucknow,Uttar Pradesh,14.0,18.99,10.39,68.09,9.35,1001.63,378.73,0.35,7.62,0
2020-01-12,23.2938,77.5534,Bhopal,Madhya Pradesh,15.67,18.7,11.12,80.41,12.08,1003.66,440.17,0.32,11.75,0
2020-01-13,21.0514,81.2155,Raipur,Chhattisgarh,14.56,18.9,8.75,73.76,3.16,1013.56,436.26,2.18,9.31,0
2020-01-14,24.8825,73.7577,Udaipur,Rajasthan,17.32,20.9,11.68,74.13,9.58,1005.67,401.2,1.51,12.15,0
2020-01-15,27.0765,74.2721,Ajmer,Rajasthan,18.29,22.99,11.63,81.38,14.72,1009.59,284.71,3.5,14.56,0
2020-01-16,17.2289,78.3987,Hyderabad,Telangana,17.44,21.83,12.29,82.86,17.15,1001.09,370.45,0,14.01,0
2020-01-17,29.0563,77.4534,Delhi,Delhi,15.93,18.58,12.05,74.49,15.36,998.89,410.67,3.26,10.83,0
2020-01-18,19.0632,72.7079,Mumbai,Maharashtra,23.35,27.19,18.15,71.29,6.65,996.35,440.4,1.86,17.61,0
2020-01-19,22.3777,88.4472,Kolkata,West Bengal,19.61,22.01,14.13,90.11,16.4,1001.36,310.6,0.84,17.63,0
2020-01-20,13.0191,80.6101,Chennai,Tamil Nadu,15.95,19.22,11.24,78.42,2.08,999.92,392.85,3.23,11.63,0
2020-01-21,26.9566,81.2908,Lucknow,Uttar Pradesh,19.96,25.47,15.11,90.96,7.74,1001.11,350.57,0,18.15,0
2020-01-22,23.2662,76.9432,Bhopal,Madhya Pradesh,18.61,22.76,14.55,77.61,16.18,996.53,390.51,0.18,14.13,0
2020-01-23,21.5252,81.4948,Raipur,Chhattisgarh,16.25,20.61,9.63,76.77,10.83,1005.87,440.28,0,11.6,0
2020-01-24,24.7477,74.06,Udaipur,Rajasthan,18.72,23.65,14.55,94.1,9.44,1005.21,338.64,1.43,17.54,0
2020-01-25,27.4907,74.4529,Ajmer,Rajasthan,19.22,21.88,14.16,69.94,9.14,998.58,457.3,0,13.21,0
2020-01-26,17.7927,78.3473,Hyderabad,Telangana,16.51,19.38,11.56,80.81,3.01,1002.39,422.54,0.36,12.67,0
2020-01-27,29.0389,76.8653,Delhi,Delhi,16.35,18.53,9.42,81.44,7.19,1009.07,298.59,0,12.63,0
2020-01-28,19.4832,72.8934,Mumbai,Maharashtra,17.45,22.06,12.99,78.15,12.45,1011.71,345.62,0,13.08,0
2020-01-29,22.1491,88.5065,Kolkata,West Bengal,16.34,20.29,11.42,92.08,11.67,1005.04,415.45,0.92,14.76,0
2020-01-30,13.0645,80.2488,Chennai,Tamil Nadu,19.21,22.66,13.34,83.95,3.89,999.61,428.26,0,16.0,0
2020-01-31,26.3892,81.0213,Lucknow,Uttar Pradesh,19.33,24.66,16.24,83.27,2.69,1006.47,437.94,2.39,15.98,0
2020-02-01,23.4207,77.1955,Bhopal,Madhya Pradesh,20.63,23.35,13.79,80.51,11.59,1006.27,482.1,0.37,16.73,0
2020-02-02,21.5705,81.3109,Raipur,Chhattisgarh,21.19,27.16,14.72,82.57,4.73,1011.61,333.58,0,17.71,0
2020-02-03,24.1936,73.4143,Udaipur,Rajasthan,18.62,23.51,14.25,72.5,9.26,1006.81,413.91,1.96,13.12,0
2020-02-04,27.3069,74.2203,Ajmer,Rajasthan,21.11,24.79,17.51,70.17,3.54,1004.52,399.51,0,15.15,0
2020-02-05,17.407,78.3564,Hyderabad,Telangana,21.45,23.97,16.04,83.35,15.24,1012.94,423.85,0,18.12,0
2020-02-06,28.9655,77.2987,Delhi,Delhi,22.27,25.19,16.06,79.51,14.63,1002.62,345.42,0,18.17,0
2020-02-07,18.765,73.0861,Mumbai,Maharashtra,20.94,24.85,17.01,79.01,15.74,1000.67,454.31,0,16.74,0
2020-02-08,22.2268,88.5146,Kolkata,West Bengal,20.86,23.33,17.83,66.03,12.47,1008.76,401.19,1.74,14.07,0
2020-02-09,13.3668,80.2525,Chennai,Tamil Nadu,20.29,23.98,15.82,91.6,6.41,1008.61,424.53,0,18.61,0
2020-02-10,27.0093,81.1968,Lucknow,Uttar Pradesh,18.79,21.81,14.56,82.96,7.51,1009.11,416.82,0,15.38,0
2020-02-11,23.4658,77.0727,Bhopal,Madhya Pradesh,17.77,20.42,13.91,79.3,8.41,1001.77,354.9,0,13.63,0
2020-02-12,20.83,81.1668,Raipur,Chhattisgarh,21.06,23.43,17.48,74.69,16.81,1003.71,463.63,0.55,16.0,0
2020-02-13,24.7253,73.651,Udaipur,Rajasthan,16.72,21.17,11.63,89.86,13.39,1006.95,521.13,0,14.69,0
2020-02-14,26.6925,73.7531,Ajmer,Rajasthan,22.07,27.29,17.93,85.33,2.54,1006.99,400.54,0,19.14,0
2020-02-15,17.4027,78.7229,Hyderabad,Telangana,21.37,24.0,14.39,74.0,14.47,1002.06,387.0,1.63,16.17,0
2020-02-16,28.8104,76.7965,Delhi,Delhi,22.33,25.47,16.01,74.9,16.64,1001.96,481.56,0,17.31,0
2020-02-17,19.3789,73.3337,Mumbai,Maharashtra,24.08,27.13,19.46,68.61,3.7,996.45,412.05,4.66,17.81,0
2020-02-18,23.0332,88.3218,Kolkata,West Bengal,24.5,28.8,18.73,62.43,17.46,1006.26,458.8,0,16.99,0
2020-02-19,12.8129,80.0857,Chennai,Tamil Nadu,19.5,21.61,16.03,74.94,3.08,1007.67,526.36,0,14.48,0
2020-02-20,26.426,81.3804,Lucknow,Uttar Pradesh,24.57,26.61,18.24,69.3,5.97,996.86,411.47,0,18.43,0
2020-02-21,22.9587,77.6474,Bhopal,Madhya Pradesh,20.59,26.17,16.51,72.69,17.15,1008.66,506.91,0,15.13,0
2020-02-22,21.4258,81.7924,Raipur,Chhattisgarh,23.57,26.38,19.57,67.3,11.9,998.12,548.45,2.79,17.03,0
2020-02-23,24.982,74.0808,Udaipur,Rajasthan,20.24,24.41,17.07,61.9,9.72,1007.41,318.28,0.28,12.62,0
2020-02-24,27.0013,74.2578,Ajmer,Rajasthan,17.23,22.9,13.11,71.76,5.55,1006.53,551.03,1.2,11.59,0
2020-02-25,16.8968,78.1968,Hyderabad,Telangana,21.18,25.93,17.48,69.91,17.62,1008.96,395.65,0.76,15.16,0
2020-02-26,28.5699,77.1008,Delhi,Delhi,21.82,26.27,17.78,66.18,10.78,999.74,405.08,0.49,15.06,0
2020-02-27,18.8046,72.4769,Mumbai,Maharashtra,24.33,27.82,17.91,81.29,6.47,998.6,520.54,1.92,20.58,0
2020-02-28,22.2486,88.3626,Kolkata,West Bengal,23.57,27.3,19.05,74.66,4.33,1014.18,532.67,2.92,18.51,0
2020-02-29,12.9814,80.4605,Chennai,Tamil Nadu,27.84,31.91,21.96,68.0,14.57,1001.0,422.6,0,21.44,0
2020-03-01,27.2818,80.7067,Lucknow,Uttar Pradesh,27.55,31.46,22.03,73.43,9.2,1001.69,444.59,1.97,22.24,0
2020-03-02,23.5393,77.2671,Bhopal,Madhya Pradesh,25.35,30.82,18.5,68.13,5.18,1006.52,470.68,0,18.98,0
2020-03-03,20.9176,81.9367,Raipur,Chhattisgarh,23.47,28.41,16.91,59.02,8.1,1000.73,473.38,0,15.27,0
2020-03-04,24.3764,73.4795,Udaipur,Rajasthan,23.26,27.55,16.87,76.44,3.14,998.24,501.56,1.73,18.55,0
2020-03-05,26.7069,73.7401,Ajmer,Rajasthan,23.96,27.74,17.51,61.36,7.81,1006.74,549.41,0,16.23,0
2020-03-06,17.7637,78.5344,Hyderabad,Telangana,24.73,30.49,18.92,54.3,3.28,998.34,516.75,0.44,15.59,0
2020-03-07,28.5134,76.8494,Delhi,Delhi,27.32,32.38,23.99,66.87,6.2,998.11,447.02,0,20.7,0
2020-03-08,19.0522,73.352,Mumbai,Maharashtra,24.94,27.47,18.59,76.1,2.46,1008.27,537.33,0,20.16,0
2020-03-09,22.7079,88.427,Kolkata,West Bengal,24.2,27.98,17.32,63.1,13.16,998.54,454.61,0,16.82,0
2020-03-10,12.8428,80.0736,Chennai,Tamil Nadu,23.12,26.36,18.73,62.6,10.63,1011.09,471.17,0.68,15.64,0
2020-03-11,26.8271,80.4581,Lucknow,Uttar Pradesh,29.82,35.22,25.45,63.87,9.51,995.17,626.08,0,22.6,0
2020-03-12,22.9223,77.6491,Bhopal,Madhya Pradesh,24.84,27.77,21.82,66.25,7.98,1003.23,476.02,0,18.09,0
2020-03-13,21.4346,81.4137,Raipur,Chhattisgarh,25.06,28.11,20.37,67.99,5.83,1010.29,602.59,0,18.65,0
2020-03-14,24.3571,73.8348,Udaipur,Rajasthan,26.6,30.25,20.19,48.04,4.92,1000.79,484.15,0,16.21,0
2020-03-15,27.2501,73.9498,Ajmer,Rajasthan,27.12,29.32,21.98,63.61,4.98,997.05,523.27,3.15,19.84,0
2020-03-16,17.2152,78.8295,Hyderabad,Telangana,28.54,31.91,24.29,69.29,14.79,1014.96,450.01,0.8,22.4,0
2020-03-17,29.0323,76.724,Delhi,Delhi,28.03,33.13,24.74,60.48,9.52,998.84,589.82,0,20.12,0
2020-03-18,19.0971,73.3591,Mumbai,Maharashtra,27.76,32.84,22.99,54.85,13.8,995.67,459.85,0.84,18.73,0
2020-03-19,22.3253,88.5015,Kolkata,West Bengal,24.81,28.06,20.52,62.49,12.07,995.84,602.59,0,17.31,0
2020-03-20,12.8591,79.8896,Chennai,Tamil Nadu,29.32,34.78,25.45,75.86,3.81,1007.66,536.34,1.08,24.5,0
2020-03-21,26.5077,80.5404,Lucknow,Uttar Pradesh,28.27,30.44,22.14,58.53,9.6,1006.92,538.48,0.63,19.98,0
2020-03-22,22.8848,77.1447,Bhopal,Madhya Pradesh,25.02,31.0,19.52,46.6,2.96,1007.89,530.23,0,14.34,0
2020-03-23,20.8847,82.0277,Raipur,Chhattisgarh,32.12,37.15,25.9,57.09,9.02,998.86,542.78,0,23.54,0
2020-03-24,24.3603,74.0433,Udaipur,Rajasthan,26.69,29.87,20.9,59.07,5.04,998.73,517.01,2.65,18.5,0
2020-03-25,27.161,74.096,Ajmer,Rajasthan,31.22,33.49,27.6,52.64,6.73,1000.27,565.92,0.06,21.75,0
2020-03-26,17.2725,78.5101,Hyderabad,Telangana,29.39,34.82,23.29,58.85,5.82,1009.42,536.72,0,21.16,0
2020-03-27,29.0392,76.7318,Delhi,Delhi,26.91,31.36,22.62,57.15,12.25,997.21,555.66,0,18.34,0
2020-03-28,19.2773,72.6329,Mumbai,Maharashtra,30.59,34.53,27.19,52.73,11.14,1011.73,544.06,0,21.13,0
2020-03-29,22.873,87.9237,Kolkata,West Bengal,28.03,30.31,21.31,64.27,5.34,1004.83,596.57,0,20.88,0
2020-03-30,12.6534,80.0739,Chennai,Tamil Nadu,25.65,29.31,21.17,48.99,13.33,1011.47,582.83,0.57,15.44,0
2020-03-31,26.9753,80.6279,Lucknow,Uttar Pradesh,35.04,37.43,29.14,48.36,10.51,998.79,550.34,0,24.71,0
2020-04-01,22.9258,77.0924,Bhopal,Madhya Pradesh,30.45,32.87,24.9,46.59,7.73,1004.17,538.45,0,19.77,0
2020-04-02,21.0747,81.5007,Raipur,Chhattisgarh,29.18,31.82,22.19,58.66,9.09,1002.05,532.96,5.66,20.92,0
2020-04-03,24.3391,74.1737,Udaipur,Rajasthan,31.05,35.96,25.62,45.58,11.01,999.28,608.98,0,20.17,0
2020-04-04,26.8233,73.9389,Ajmer,Rajasthan,29.16,34.07,22.23,56.22,11.53,1005.35,643.42,0,20.41,0
2020-04-05,17.0397,78.0237,Hyderabad,Telangana,31.52,36.81,25.76,51.88,6.42,1006.07,497.39,0,21.9,0
2020-04-06,29.1219,77.3363,Delhi,Delhi,30.79,34.26,25.46,56.23,5.73,1011.22,650.03,1.1,22.03,0
2020-04-07,18.8764,73.1078,Mumbai,Maharashtra,31.07,33.76,24.77,38.38,13.03,1006.52,667.23,0,18.75,0
2020-04-08,22.9418,88.0897,Kolkata,West Bengal,31.14,33.36,25.05,50.48,7.57,1011.34,527.19,2.01,21.23,0
2020-04-09,12.7326,80.2724,Chennai,Tamil Nadu,30.49,32.54,24.38,42.66,8.12,1001.1,677.74,0.64,19.03,0
2020-04-10,26.6398,80.8433,Lucknow,Uttar Pradesh,32.36,37.29,27.79,53.69,9.13,1006.9,585.32,0,23.1,0
2020-04-11,22.8894,77.0469,Bhopal,Madhya Pradesh,33.0,37.28,29.8,53.21,8.39,996.7,537.74,0,23.64,0
2020-04-12,21.5268,81.4524,Raipur,Chhattisgarh,30.47,35.08,26.69,46.99,11.86,1009.71,627.59,0.77,19.87,0
2020-04-13,24.3898,74.1997,Udaipur,Rajasthan,33.59,38.27,28.89,48.37,7.57,1001.41,621.1,0,23.26,0
2020-04-14,27.2807,74.5698,Ajmer,Rajasthan,28.48,32.25,24.89,33.35,2.72,1011.36,648.48,1.84,15.15,0
2020-04-15,16.9963,78.4361,Hyderabad,Telangana,33.7,39.5,27.0,50.92,15.9,1011.4,713.19,0.27,23.89,0
2020-04-16,28.3453,77.3008,Delhi,Delhi,34.73,38.89,30.92,49.57,10.37,1000.17,559.2,0.34,24.65,0
2020-04-17,18.6291,73.0318,Mumbai,Maharashtra,36.19,40.84,33.02,49.63,4.73,1000.68,659.62,0,26.12,0
2020-04-18,22.7214,88.0942,Kolkata,West Bengal,35.73,38.81,29.32,48.45,12.56,1012.29,745.54,0.48,25.42,0
2020-04-19,13.041,80.6963,Chennai,Tamil Nadu,29.91,32.31,25.65,62.59,15.87,1005.63,671.67,2.17,22.43,0
2020-04-20,26.9752,80.6852,Lucknow,Uttar Pradesh,35.6,39.72,31.26,48.1,8.29,998.14,625.13,1.53,25.22,0
2020-04-21,23.3139,77.1922,Bhopal,Madhya Pradesh,36.62,41.87,31.11,45.63,16.06,1012.81,659.53,0,25.74,0
2020-04-22,20.9774,81.3694,Raipur,Chhattisgarh,36.93,41.55,33.58,60.46,8.12,1014.21,604.3,0,29.02,1
2020-04-23,24.8851,74.0746,Udaipur,Rajasthan,37.68,43.31,33.36,63.59,10.68,999.14,700.71,1.91,30.39,1
2020-04-24,27.4401,74.0345,Ajmer,Rajasthan,33.67,37.76,30.13,57.49,17.93,1014.52,734.51,3.68,25.17,0
2020-04-25,17.299,78.3973,Hyderabad,Telangana,30.41,32.88,26.14,38.61,16.07,1009.54,676.13,0,18.13,0
2020-04-26,28.9664,77.214,Delhi,Delhi,30.77,36.35,24.04,51.67,6.38,1010.58,693.98,0.79,21.11,0
2020-04-27,19.0783,72.9817,Mumbai,Maharashtra,35.03,37.95,31.1,55.08,13.0,1002.19,650.13,0,26.04,0
2020-04-28,22.087,88.1329,Kolkata,West Bengal,35.01,40.42,30.04,36.93,4.2,998.87,757.71,0.68,22.39,0
2020-04-29,13.0729,80.0949,Chennai,Tamil Nadu,32.81,38.76,26.78,50.96,3.06,1013.54,777.14,0,23.0,0
2020-04-30,27.0925,81.0428,Lucknow,Uttar Pradesh,34.33,37.95,31.16,45.37,13.77,1002.61,653.26,2.54,23.41,0
2020-05-01,23.2777,77.3076,Bhopal,Madhya Pradesh,31.91,37.05,26.82,40.88,9.23,1011.54,842.03,1.74,20.08,0
2020-05-02,21.5776,81.5903,Raipur,Chhattisgarh,35.86,39.92,30.33,32.96,2.79,1000.82,650.72,1.02,22.45,0
2020-05-03,24.1982,73.9907,Udaipur,Rajasthan,33.81,36.03,28.74,47.99,4.28,1011.6,610.99,0.96,23.41,0
2020-05-04,26.7249,74.1717,Ajmer,Rajasthan,39.25,41.79,34.59,37.81,9.21,998.58,623.31,0,26.81,0
2020-05-05,17.2479,78.5098,Hyderabad,Telangana,36.54,42.17,30.35,54.48,13.49,997.47,733.49,1.44,27.43,1
2020-05-06,28.7695,77.2615,Delhi,Delhi,34.04,38.09,27.24,51.33,8.06,1002.61,707.36,0,24.31,0
2020-05-07,19.2025,72.4946,Mumbai,Maharashtra,39.19,41.91,33.34,54.66,8.71,1001.19,703.43,0,30.13,1
2020-05-08,22.9547,88.1009,Kolkata,West Bengal,37.88,42.37,33.86,45.29,9.34,1012.11,694.22,0,26.93,1
2020-05-09,13.1405,80.5953,Chennai,Tamil Nadu,35.17,38.81,31.85,36.23,11.6,999.89,635.18,0,22.42,0
2020-05-10,27.2704,80.498,Lucknow,Uttar Pradesh,38.31,42.93,35.17,42.14,15.66,1008.34,726.0,0,26.74,1
2020-05-11,23.2143,77.491,Bhopal,Madhya Pradesh,36.28,40.97,30.83,42.99,13.06,1006.9,713.32,0,24.88,0
2020-05-12,21.0428,81.2635,Raipur,Chhattisgarh,38.29,41.49,33.82,38.75,8.06,996.35,651.44,1.12,26.04,0
2020-05-13,24.714,74.1992,Udaipur,Rajasthan,37.07,41.18,31.97,33.94,13.13,1007.24,772.82,2.05,23.86,0
2020-05-14,27.518,74.0709,Ajmer,Rajasthan,34.7,40.43,27.75,40.96,6.59,1007.18,687.54,2.23,22.89,0
2020-05-15,17.8643,77.9876,Hyderabad,Telangana,39.62,43.7,34.09,46.95,9.88,998.6,653.61,0,29.01,1
2020-05-16,28.7644,77.2395,Delhi,Delhi,40.75,43.22,34.35,40.9,14.79,1014.98,677.58,0.93,28.93,1
2020-05-17,19.2618,72.7184,Mumbai,Maharashtra,39.42,42.55,33.26,39.36,6.92,1005.13,715.64,0.2,27.3,1
2020-05-18,22.8693,88.5087,Kolkata,West Bengal,37.75,39.87,34.05,27.83,7.29,1001.76,667.85,0,23.32,0
2020-05-19,13.4181,80.0693,Chennai,Tamil Nadu,35.51,41.08,30.37,39.83,7.36,1010.68,651.13,1.7,23.48,0
2020-05-20,27.3196,80.7295,Lucknow,Uttar Pradesh,38.14,42.28,34.3,31.43,12.97,1010.99,759.11,0,24.42,1
2020-05-21,23.5105,77.6173,Bhopal,Madhya Pradesh,44.14,48.64,37.77,42.57,11.14,1002.79,642.55,0,32.65,1
2020-05-22,21.0523,81.2412,Raipur,Chhattisgarh,38.41,42.06,33.42,39.76,5.8,1004.04,760.05,0,26.36,1
2020-05-23,25.0086,73.9444,Udaipur,Rajasthan,39.46,45.11,34.68,24.16,2.4,1004.65,695.92,0,24.29,1
2020-05-24,27.2476,74.1764,Ajmer,Rajasthan,35.38,37.95,28.89,35.46,15.15,1013.76,718.07,0,22.47,0
2020-05-25,16.9311,78.5066,Hyderabad,Telangana,38.33,40.35,31.6,27.85,12.99,1006.89,779.3,1.17,23.9,0
2020-05-26,28.5231,77.0431,Delhi,Delhi,38.03,42.34,33.78,31.32,16.27,1001.42,747.04,1.51,24.3,1
2020-05-27,18.8945,72.5186,Mumbai,Maharashtra,39.89,42.99,36.83,40.04,11.97,1005.28,746.71,1.79,27.9,1
2020-05-28,22.5427,88.5385,Kolkata,West Bengal,38.67,41.65,35.38,30.55,11.81,1001.77,710.75,0.37,24.78,0
2020-05-29,13.1993,80.0824,Chennai,Tamil Nadu,39.73,43.44,36.01,38.3,11.54,1006.86,776.72,0,27.39,1
2020-05-30,27.1629,81.3687,Lucknow,Uttar Pradesh,40.58,45.26,35.44,24.98,17.58,1010.11,712.0,0.23,25.57,1
2020-05-31,23.3759,77.8249,Bhopal,Madhya Pradesh,37.19,41.92,31.34,38.11,9.45,999.63,755.4,3.92,24.81,0
2020-06-01,21.1014,81.5902,Raipur,Chhattisgarh,37.0,41.66,30.84,44.01,16.12,1004.07,795.98,0.43,25.8,0
2020-06-02,24.7345,74.0044,Udaipur,Rajasthan,41.11,45.52,37.6,48.11,3.65,1011.35,754.11,0,30.73,1
2020-06-03,27.3369,74.308,Ajmer,Rajasthan,37.55,41.21,32.07,34.32,10.77,1014.48,708.22,1.22,24.42,0
2020-06-04,17.4592,78.4726,Hyderabad,Telangana,40.05,45.2,34.87,27.5,5.78,1008.25,845.16,2.17,25.55,1
2020-06-05,29.0181,77.3733,Delhi,Delhi,37.77,41.99,31.49,30.87,4.82,1014.12,765.75,0.41,23.95,0
2020-06-06,18.5762,72.5237,Mumbai,Maharashtra,38.0,42.64,34.64,42.09,15.07,1012.75,803.18,0,26.42,1
2020-06-07,22.9852,88.1676,Kolkata,West Bengal,41.19,44.75,35.88,43.49,5.13,1008.63,719.16,2.38,29.89,1
2020-06-08,12.7106,80.0642,Chennai,Tamil Nadu,41.78,47.71,37.4,32.49,3.43,995.16,796.96,0,28.28,1
2020-06-09,26.5852,81.1512,Lucknow,Uttar Pradesh,38.1,40.31,32.28,42.78,15.13,1002.18,811.36,0,26.65,0
2020-06-10,23.1436,77.8365,Bhopal,Madhya Pradesh,38.47,42.0,33.94,39.63,10.72,1008.25,715.58,0.2,26.4,1
2020-06-11,21.2367,81.5657,Raipur,Chhattisgarh,40.5,46.49,34.82,31.34,4.15,996.43,827.53,0.32,26.77,1
2020-06-12,24.2648,73.7214,Udaipur,Rajasthan,40.75,45.32,36.08,34.99,9.3,1010.78,706.72,0,27.74,1
2020-06-13,27.0247,74.1278,Ajmer,Rajasthan,37.86,41.28,34.12,32.33,11.67,1006.56,769.85,0,24.33,0
2020-06-14,17.0271,78.7173,Hyderabad,Telangana,38.12,44.03,32.85,32.91,13.28,997.26,673.12,0.35,24.7,1
2020-06-15,28.9457,77.5624,Delhi,Delhi,45.67,50.79,40.81,32.7,3.25,1012.8,797.5,1.19,32.22,1
2020-06-16,19.0887,72.8462,Mumbai,Maharashtra,42.48,47.67,38.23,40.38,2.84,1001.87,759.71,0,30.56,1
2020-06-17,22.799,88.4267,Kolkata,West Bengal,39.78,45.62,33.59,26.7,6.63,995.71,823.46,0,25.12,1
2020-06-18,12.6655,80.2756,Chennai,Tamil Nadu,42.09,44.77,38.89,38.41,17.85,1011.18,720.76,0,29.78,1
2020-06-19,26.9418,80.6001,Lucknow,Uttar Pradesh,40.96,43.49,36.84,29.81,15.73,995.28,773.67,0.8,26.92,1
2020-06-20,22.8434,77.0571,Bhopal,Madhya Pradesh,36.57,39.61,30.77,39.78,9.76,1010.99,779.63,0,24.52,0
2020-06-21,20.9609,81.8634,Raipur,Chhattisgarh,41.05,45.04,34.08,33.14,14.33,999.76,683.64,1.05,27.68,1
2020-06-22,24.8374,73.7445,Udaipur,Rajasthan,38.37,43.4,34.91,44.51,4.68,1002.97,723.52,3.14,27.28,1
2020-06-23,27.2015,74.6788,Ajmer,Rajasthan,37.7,41.6,34.12,43.63,15.92,995.24,798.55,0,26.42,0
2020-06-24,17.22,78.2531,Hyderabad,Telangana,39.72,45.39,34.17,32.97,17.3,1003.64,835.37,0,26.32,1
2020-06-25,28.5414,77.2923,Delhi,Delhi,42.32,45.88,36.23,41.87,13.99,1009.69,721.08,0,30.69,1
2020-06-26,18.7954,72.6603,Mumbai,Maharashtra,40.99,45.68,34.67,44.28,2.19,996.95,791.81,1.32,29.85,1
2020-06-27,22.7801,87.983,Kolkata,West Bengal,40.05,42.41,33.29,36.86,12.51,1011.71,816.09,0,27.42,1
2020-06-28,12.8363,80.237,Chennai,Tamil Nadu,40.52,45.14,33.92,31.97,11.06,1014.34,808.97,0,26.91,1
2020-06-29,26.512,80.523,Lucknow,Uttar Pradesh,42.46,48.15,38.35,30.9,8.83,1013.07,752.7,0,28.64,1
2020-06-30,23.6876,77.5223,Bhopal,Madhya Pradesh,40.13,43.46,36.89,27.68,17.29,1000.29,692.42,0.85,25.66,1
2020-07-01,20.8533,81.2019,Raipur,Chhattisgarh,40.77,43.34,34.69,43.9,5.49,1007.87,813.54,0,29.55,1
2020-07-02,24.3514,73.9121,Udaipur,Rajasthan,38.34,42.13,31.76,32.97,4.38,1007.81,812.64,0,24.94,1
2020-07-03,27.3084,74.2571,Ajmer,Rajasthan,41.82,45.89,35.07,29.8,9.85,1003.72,792.97,0,27.78,1
2020-07-04,17.2856,78.6183,Hyderabad,Telangana,44.58,49.85,39.65,36.21,11.08,1013.7,695.75,7.86,31.82,1
2020-07-05,28.3806,76.6413,Delhi,Delhi,40.4,44.54,33.56,35.02,3.29,1004.19,750.17,0,27.41,1
2020-07-06,19.3113,72.5169,Mumbai,Maharashtra,38.53,43.32,31.95,39.5,12.09,1002.19,802.69,5.6,26.43,1
2020-07-07,22.9063,88.3123,Kolkata,West Bengal,40.56,44.93,35.6,48.11,3.01,1005.81,718.81,7.78,30.18,1
2020-07-08,13.0414,80.4481,Chennai,Tamil Nadu,39.93,42.15,33.78,36.23,2.69,997.36,765.72,0,27.18,1
2020-07-09,27.268,80.4948,Lucknow,Uttar Pradesh,40.11,44.43,33.41,33.2,2.59,997.83,706.48,0,26.75,1
2020-07-10,23.35,77.7298,Bhopal,Madhya Pradesh,38.92,41.61,35.72,32.54,6.92,1010.87,707.94,2.83,25.43,0
2020-07-11,21.4284,81.4532,Raipur,Chhattisgarh,41.01,46.21,37.13,42.54,14.87,1003.52,789.65,0,29.52,1
2020-07-12,24.2057,73.3532,Udaipur,Rajasthan,41.68,44.23,35.34,35.31,14.69,1010.28,697.17,0,28.74,1
2020-07-13,27.1354,74.4947,Ajmer,Rajasthan,36.35,40.57,31.6,43.34,16.81,995.81,811.96,7.7,25.02,0
2020-07-14,17.6924,78.7586,Hyderabad,Telangana,41.23,43.25,37.51,38.14,3.43,1008.04,771.44,0,28.86,1
2020-07-15,28.384,77.1019,Delhi,Delhi,38.36,42.92,33.27,32.33,8.59,1013.76,720.03,1.11,24.83,1
2020-07-16,18.6717,72.7389,Mumbai,Maharashtra,41.42,46.55,37.03,34.15,2.07,999.71,774.62,6.14,28.25,1
2020-07-17,22.7572,88.8316,Kolkata,West Bengal,38.83,41.71,32.75,27.86,12.55,1000.53,758.51,10.37,24.4,0
2020-07-18,13.3882,80.5284,Chennai,Tamil Nadu,37.33,42.01,34.16,38.8,12.32,1000.7,684.64,3.8,25.09,1
2020-07-19,27.0714,81.0417,Lucknow,Uttar Pradesh,41.62,47.32,37.92,41.74,14.57,1004.7,803.51,9.07,29.97,1
2020-07-20,23.6289,77.2875,Bhopal,Madhya Pradesh,37.75,42.45,33.44,43.15,14.46,1001.52,789.39,6.73,26.38,1
2020-07-21,20.8864,81.8488,Raipur,Chhattisgarh,38.67,42.6,32.1,47.52,4.32,1013.56,673.34,3.38,28.17,1
2020-07-22,24.5436,73.3832,Udaipur,Rajasthan,34.46,37.27,30.95,22.79,13.08,996.19,782.95,9.39,19.02,0
2020-07-23,27.378,73.8035,Ajmer,Rajasthan,35.72,40.13,29.56,52.99,12.21,1007.23,781.06,13.61,26.31,1
2020-07-24,17.1317,78.3133,Hyderabad,Telangana,39.36,45.34,33.99,32.08,15.39,1000.58,705.05,0,25.78,1
2020-07-25,28.6747,77.3706,Delhi,Delhi,34.1,38.46,30.5,31.51,11.18,995.1,727.49,1.82,20.4,0
2020-07-26,18.5884,73.1088,Mumbai,Maharashtra,40.08,44.0,33.89,41.9,15.14,1004.05,715.11,8.38,28.47,1
2020-07-27,22.9299,88.6103,Kolkata,West Bengal,38.57,41.75,32.98,38.77,3.45,1004.6,682.91,9.34,26.32,0
2020-07-28,13.2164,80.6304,Chennai,Tamil Nadu,39.6,44.69,33.11,41.71,8.49,1010.8,668.78,6.06,27.95,1
2020-07-29,27.1445,81.2367,Lucknow,Uttar Pradesh,41.12,44.45,37.99,47.9,8.81,1000.4,763.95,0,30.7,1
2020-07-30,23.1246,77.5311,Bhopal,Madhya Pradesh,40.77,45.71,37.55,48.94,17.13,1008.49,721.27,0.43,30.56,1
2020-07-31,20.8636,81.6075,Raipur,Chhattisgarh,36.21,40.44,32.94,44.9,13.35,999.09,737.2,1.57,25.19,0
2020-08-01,24.7652,73.4891,Udaipur,Rajasthan,39.34,45.18,35.5,37.54,13.92,999.51,674.52,5.15,26.85,1
2020-08-02,26.8153,74.338,Ajmer,Rajasthan,38.45,42.4,33.34,44.62,3.96,1009.2,669.05,0,27.37,1
2020-08-03,17.7829,78.2744,Hyderabad,Telangana,38.1,43.33,31.34,23.71,3.05,1012.84,673.81,2.53,22.84,1
2020-08-04,28.4972,77.5716,Delhi,Delhi,37.39,40.5,31.61,41.32,9.94,1012.5,621.46,1.09,25.66,0
2020-08-05,18.8083,73.3244,Mumbai,Maharashtra,35.29,38.68,30.52,41.57,12.31,1000.83,782.18,5.9,23.61,0
2020-08-06,22.5173,88.1671,Kolkata,West Bengal,34.9,38.27,29.32,36.48,7.22,1006.87,654.68,0,22.2,0
2020-08-07,12.9361,80.2259,Chennai,Tamil Nadu,38.4,41.09,34.36,53.71,9.75,1014.41,685.54,0.46,29.14,1
2020-08-08,26.5035,80.6869,Lucknow,Uttar Pradesh,38.14,42.99,34.0,59.34,17.57,1011.79,655.0,0,30.01,1
2020-08-09,23.1028,77.2849,Bhopal,Madhya Pradesh,37.39,39.9,33.35,45.73,4.95,1006.25,721.03,2.94,26.54,0
2020-08-10,21.0702,81.1333,Raipur,Chhattisgarh,34.39,37.6,27.71,43.1,8.47,1004.99,709.57,6.38,23.01,0
2020-08-11,24.6587,73.3591,Udaipur,Rajasthan,34.99,38.31,29.17,22.87,9.58,1000.8,804.94,0,19.56,0
2020-08-12,26.8311,74.1186,Ajmer,Rajasthan,31.22,34.99,25.47,38.01,13.71,1013.0,710.83,6.86,18.83,0
2020-08-13,17.1629,78.0085,Hyderabad,Telangana,36.23,38.6,33.01,37.99,12.26,1006.67,687.95,13.53,23.83,0
2020-08-14,29.1474,77.5104,Delhi,Delhi,32.78,37.46,29.43,43.58,10.19,998.89,636.61,8.21,21.49,0
2020-08-15,19.4503,72.4646,Mumbai,Maharashtra,33.99,39.4,29.51,49.48,7.97,1000.69,580.0,13.08,23.88,0
2020-08-16,22.9684,88.0026,Kolkata,West Bengal,34.24,40.21,28.03,37.78,6.62,1011.11,710.65,1.03,21.8,0
2020-08-17,13.3391,79.8584,Chennai,Tamil Nadu,33.64,36.48,28.75,44.96,15.88,1014.73,772.26,7.12,22.64,0
2020-08-18,26.7318,81.0029,Lucknow,Uttar Pradesh,30.46,34.11,25.23,56.65,13.36,1010.1,674.13,4.43,21.79,0
2020-08-19,23.0217,77.868,Bhopal,Madhya Pradesh,37.63,42.96,33.41,51.39,10.95,1004.27,653.7,2.06,27.9,1
2020-08-20,20.8694,81.4062,Raipur,Chhattisgarh,34.98,39.59,28.41,40.03,8.67,1004.84,632.99,0,22.98,0
2020-08-21,24.7792,73.3316,Udaipur,Rajasthan,34.4,39.38,29.07,48.12,11.05,1012.37,604.8,0,24.02,0
2020-08-22,26.6863,73.9897,Ajmer,Rajasthan,30.86,36.24,27.21,47.78,2.94,1001.39,660.65,0.13,20.42,0
